account_name|device_id|event_id|event_date|closest_devices_ip|tempratures|tags|latitude|longitude|humidity|pressure|event_time|
Account#1|89a35059-b6c1-4d28-9fae-d8a7abd896f5|19a35059-b6c1-4d28-9fae-d8a7abd896f5|2022-10-25|{'29.208.191.134','29.208.191.135'}|[22,24,21,20]|{'type':'whether_sensor','brand':'some_brand'}|48.955624|30.025853|62|36|06:36:07
Account#1|89a35059-b6c1-4d28-9fae-d8a7abd896f5|29a35059-b6c1-4d28-9fae-d8a7abd896f5|2022-10-25|{'29.208.191.134','29.208.191.135'}|[22,25,21,20]|{'type':'whether_sensor','brand':'some_brand'}|48.955624|30.025853|63|36|07:36:07
Account#1|89a35059-b6c1-4d28-9fae-d8a7abd896f5|39a35059-b6c1-4d28-9fae-d8a7abd896f5|2022-10-25|{'29.208.191.134','29.208.191.135'}|[23,25,21,20]|{'type':'whether_sensor','brand':'some_brand'}|48.955624|30.025853|64|36|08:36:07
Account#1|89a35059-b6c1-4d28-9fae-d8a7abd896f5|49a35059-b6c1-4d28-9fae-d8a7abd896f5|2022-10-25|{'29.208.191.134','29.208.191.135'}|[24,26,21,20]|{'type':'whether_sensor','brand':'some_brand'}|48.955624|30.025853|65|36|09:36:07
Account#1|89a35059-b6c1-4d28-9fae-d8a7abd896f5|59a35059-b6c1-4d28-9fae-d8a7abd896f5|2022-10-25|{'29.208.191.134','29.208.191.135'}|[25,26,21,20]|{'type':'whether_sensor','brand':'some_brand'}|48.955624|30.025853|66|36|10:36:07
Account#1|89a35059-b6c1-4d28-9fae-d8a7abd896f5|69a35059-b6c1-4d28-9fae-d8a7abd896f5|2022-10-25|{'29.208.191.134','29.208.191.135'}|[26,24,21,20]|{'type':'whether_sensor','brand':'some_brand'}|48.955624|30.025853|67|36|11:36:07
Account#1|89a35059-b6c1-4d28-9fae-d8a7abd896f5|79a35059-b6c1-4d28-9fae-d8a7abd896f5|2022-10-25|{'29.208.191.134','29.208.191.135'}|[27,24,21,20]|{'type':'whether_sensor','brand':'some_brand'}|48.955624|30.025853|62|36|12:36:07
Account#1|89a35059-b6c1-4d28-9fae-d8a7abd896f5|89a35059-b6c1-4d28-9fae-d8a7abd896f5|2022-10-25|{'29.208.191.134','29.208.191.135'}|[25,24,21,20]|{'type':'whether_sensor','brand':'some_brand'}|48.955624|30.025853|63|36|13:36:07
Account#1|89a35059-b6c1-4d28-9fae-d8a7abd896f5|99a35059-b6c1-4d28-9fae-d8a7abd896f5|2022-10-25|{'29.208.191.134','29.208.191.135'}|[23,26,21,20]|{'type':'whether_sensor','brand':'some_brand'}|48.955624|30.025853|66|36|14:36:07
Account#1|89a35059-b6c1-4d28-9fae-d8a7abd896f5|10a35059-b6c1-4d28-9fae-d8a7abd896f5|2022-10-25|{'29.208.191.134','29.208.191.135'}|[21,20,21,20]|{'type':'whether_sensor','brand':'some_brand'}|48.955624|30.025853|64|36|15:36:07
Account#1|89a35059-b6c1-4d28-9fae-d8a7abd896f5|11a35059-b6c1-4d28-9fae-d8a7abd896f5|2022-10-25|{'29.208.191.134','29.208.191.135'}|[20,20,21,20]|{'type':'whether_sensor','brand':'some_brand'}|48.955624|30.025853|62|36|16:36:07
Account#1|79a35059-b6c1-4d28-9fae-d8a7abd896f5|18a35059-b6c1-4d28-9fae-d8a7abd896f5|2022-10-26|{'29.208.191.133','29.208.191.132'}|[22,24,21,20]|{'type':'whether_sensor','brand':'some_brand'}|48.955621|30.025852|62|36|06:30:07
Account#1|79a35059-b6c1-4d28-9fae-d8a7abd896f5|28a35059-b6c2-4d28-9fae-d8a7abd896f5|2022-10-26|{'29.208.191.133','29.208.191.132'}|[22,25,21,20]|{'type':'whether_sensor','brand':'some_brand'}|48.955621|30.025852|63|36|07:30:07
Account#1|79a35059-b6c1-4d28-9fae-d8a7abd896f5|38a35059-b6c3-4d28-9fae-d8a7abd896f5|2022-10-26|{'29.208.191.133','29.208.191.132'}|[23,25,21,20]|{'type':'whether_sensor','brand':'some_brand'}|48.955621|30.025852|64|36|08:30:07
Account#1|79a35059-b6c1-4d28-9fae-d8a7abd896f5|48a35059-b6c4-4d28-9fae-d8a7abd896f5|2022-10-26|{'29.208.191.133','29.208.191.132'}|[24,26,21,20]|{'type':'whether_sensor','brand':'some_brand'}|48.955621|30.025852|65|36|09:30:07
Account#1|79a35059-b6c1-4d28-9fae-d8a7abd896f5|58a35059-b6c5-4d28-9fae-d8a7abd896f5|2022-10-26|{'29.208.191.133','29.208.191.132'}|[25,26,21,20]|{'type':'whether_sensor','brand':'some_brand'}|48.955621|30.025852|66|36|10:30:07
Account#1|79a35059-b6c1-4d28-9fae-d8a7abd896f5|68a35059-b6c6-4d28-9fae-d8a7abd896f5|2022-10-26|{'29.208.191.133','29.208.191.132'}|[26,24,21,20]|{'type':'whether_sensor','brand':'some_brand'}|48.955621|30.025852|67|36|11:30:07
Account#1|79a35059-b6c1-4d28-9fae-d8a7abd896f5|78a35059-b6c7-4d28-9fae-d8a7abd896f5|2022-10-26|{'29.208.191.133','29.208.191.132'}|[27,24,21,20]|{'type':'whether_sensor','brand':'some_brand'}|48.955621|30.025852|62|36|12:30:07
Account#1|79a35059-b6c1-4d28-9fae-d8a7abd896f5|88a35059-b6c8-4d28-9fae-d8a7abd896f5|2022-10-26|{'29.208.191.133','29.208.191.132'}|[25,24,21,20]|{'type':'whether_sensor','brand':'some_brand'}|48.955621|30.025852|63|36|13:30:07
Account#1|79a35059-b6c1-4d28-9fae-d8a7abd896f5|98a35059-b6c9-4d28-9fae-d8a7abd896f5|2022-10-26|{'29.208.191.133','29.208.191.132'}|[23,26,21,20]|{'type':'whether_sensor','brand':'some_brand'}|48.955621|30.025852|66|36|14:30:07
Account#1|79a35059-b6c1-4d28-9fae-d8a7abd896f5|18a35059-b6a1-4d28-9fae-d8a7abd896f5|2022-10-26|{'29.208.191.133','29.208.191.132'}|[21,20,21,20]|{'type':'whether_sensor','brand':'some_brand'}|48.955621|30.025852|64|36|15:30:07
Account#1|79a35059-b6c1-4d28-9fae-d8a7abd896f5|18a35059-b6a2-4d28-9fae-d8a7abd896f5|2022-10-26|{'29.208.191.133','29.208.191.132'}|[20,20,21,20]|{'type':'whether_sensor','brand':'some_brand'}|48.955621|30.025852|62|36|16:30:07
Account#1|79a35059-b6c1-4d28-9fae-d8a7abd896f5|19a35059-b6c1-4d28-9fae-d8a7abd896f5|2022-10-25|{'29.208.191.133','29.208.191.132'}|[22,24,21,20]|{'type':'whether_sensor','brand':'some_brand'}|48.955621|30.025852|62|36|06:30:07
Account#1|79a35059-b6c1-4d28-9fae-d8a7abd896f5|29a35059-b6c2-4d28-9fae-d8a7abd896f5|2022-10-25|{'29.208.191.133','29.208.191.132'}|[22,25,21,20]|{'type':'whether_sensor','brand':'some_brand'}|48.955621|30.025852|63|36|07:30:07
Account#1|79a35059-b6c1-4d28-9fae-d8a7abd896f5|39a35059-b6c3-4d28-9fae-d8a7abd896f5|2022-10-25|{'29.208.191.133','29.208.191.132'}|[23,25,21,20]|{'type':'whether_sensor','brand':'some_brand'}|48.955621|30.025852|64|36|08:30:07
Account#1|79a35059-b6c1-4d28-9fae-d8a7abd896f5|49a35059-b6c4-4d28-9fae-d8a7abd896f5|2022-10-25|{'29.208.191.133','29.208.191.132'}|[24,26,21,20]|{'type':'whether_sensor','brand':'some_brand'}|48.955621|30.025852|65|36|09:30:07
Account#1|79a35059-b6c1-4d28-9fae-d8a7abd896f5|59a35059-b6c5-4d28-9fae-d8a7abd896f5|2022-10-25|{'29.208.191.133','29.208.191.132'}|[25,26,21,20]|{'type':'whether_sensor','brand':'some_brand'}|48.955621|30.025852|66|36|10:30:07
Account#1|79a35059-b6c1-4d28-9fae-d8a7abd896f5|69a35059-b6c6-4d28-9fae-d8a7abd896f5|2022-10-25|{'29.208.191.133','29.208.191.132'}|[26,24,21,20]|{'type':'whether_sensor','brand':'some_brand'}|48.955621|30.025852|67|36|11:30:07
Account#1|79a35059-b6c1-4d28-9fae-d8a7abd896f5|79a35059-b6c7-4d28-9fae-d8a7abd896f5|2022-10-25|{'29.208.191.133','29.208.191.132'}|[27,24,21,20]|{'type':'whether_sensor','brand':'some_brand'}|48.955621|30.025852|62|36|12:30:07
Account#1|79a35059-b6c1-4d28-9fae-d8a7abd896f5|89a35059-b6c8-4d28-9fae-d8a7abd896f5|2022-10-25|{'29.208.191.133','29.208.191.132'}|[25,24,21,20]|{'type':'whether_sensor','brand':'some_brand'}|48.955621|30.025852|63|36|13:30:07
Account#1|79a35059-b6c1-4d28-9fae-d8a7abd896f5|99a35059-b6c9-4d28-9fae-d8a7abd896f5|2022-10-25|{'29.208.191.133','29.208.191.132'}|[23,26,21,20]|{'type':'whether_sensor','brand':'some_brand'}|48.955621|30.025852|66|36|14:30:07
Account#1|79a35059-b6c1-4d28-9fae-d8a7abd896f5|10a35059-b6a1-4d28-9fae-d8a7abd896f5|2022-10-25|{'29.208.191.133','29.208.191.132'}|[21,20,21,20]|{'type':'whether_sensor','brand':'some_brand'}|48.955621|30.025852|64|36|15:30:07
Account#1|79a35059-b6c1-4d28-9fae-d8a7abd896f5|11a35059-b6a2-4d28-9fae-d8a7abd896f5|2022-10-25|{'29.208.191.133','29.208.191.132'}|[20,20,21,20]|{'type':'whether_sensor','brand':'some_brand'}|48.955621|30.025852|62|36|16:30:07
Account#1|79a35059-b6c1-4d28-9fae-d8a7abd896f5|19a35058-b6c1-4d28-9fae-d8a7abd896f5|2022-10-26|{'29.208.191.133','29.208.191.132'}|[22,24,21,20]|{'type':'whether_sensor','brand':'some_brand'}|48.955621|30.025852|62|36|06:30:07
Account#1|79a35059-b6c1-4d28-9fae-d8a7abd896f5|29a35058-b6c2-4d28-9fae-d8a7abd896f5|2022-10-26|{'29.208.191.133','29.208.191.132'}|[22,25,21,20]|{'type':'whether_sensor','brand':'some_brand'}|48.955621|30.025852|63|36|07:30:07
Account#1|79a35059-b6c1-4d28-9fae-d8a7abd896f5|39a35058-b6c3-4d28-9fae-d8a7abd896f5|2022-10-26|{'29.208.191.133','29.208.191.132'}|[23,25,21,20]|{'type':'whether_sensor','brand':'some_brand'}|48.955621|30.025852|64|36|08:30:07
Account#1|79a35059-b6c1-4d28-9fae-d8a7abd896f5|49a35058-b6c4-4d28-9fae-d8a7abd896f5|2022-10-26|{'29.208.191.133','29.208.191.132'}|[24,26,21,20]|{'type':'whether_sensor','brand':'some_brand'}|48.955621|30.025852|65|36|09:30:07
Account#1|79a35059-b6c1-4d28-9fae-d8a7abd896f5|59a35058-b6c5-4d28-9fae-d8a7abd896f5|2022-10-26|{'29.208.191.133','29.208.191.132'}|[25,26,21,20]|{'type':'whether_sensor','brand':'some_brand'}|48.955621|30.025852|66|36|10:30:07
Account#1|79a35059-b6c1-4d28-9fae-d8a7abd896f5|69a35058-b6c6-4d28-9fae-d8a7abd896f5|2022-10-26|{'29.208.191.133','29.208.191.132'}|[26,24,21,20]|{'type':'whether_sensor','brand':'some_brand'}|48.955621|30.025852|67|36|11:30:07
Account#1|79a35059-b6c1-4d28-9fae-d8a7abd896f5|79a35058-b6c7-4d28-9fae-d8a7abd896f5|2022-10-26|{'29.208.191.133','29.208.191.132'}|[27,24,21,20]|{'type':'whether_sensor','brand':'some_brand'}|48.955621|30.025852|62|36|12:30:07
Account#1|79a35059-b6c1-4d28-9fae-d8a7abd896f5|89a35058-b6c8-4d28-9fae-d8a7abd896f5|2022-10-26|{'29.208.191.133','29.208.191.132'}|[25,24,21,20]|{'type':'whether_sensor','brand':'some_brand'}|48.955621|30.025852|63|36|13:30:07
Account#1|79a35059-b6c1-4d28-9fae-d8a7abd896f5|99a35058-b6c9-4d28-9fae-d8a7abd896f5|2022-10-26|{'29.208.191.133','29.208.191.132'}|[23,26,21,20]|{'type':'whether_sensor','brand':'some_brand'}|48.955621|30.025852|66|36|14:30:07
Account#1|79a35059-b6c1-4d28-9fae-d8a7abd896f5|10a35058-b6a1-4d28-9fae-d8a7abd896f5|2022-10-26|{'29.208.191.133','29.208.191.132'}|[21,20,21,20]|{'type':'whether_sensor','brand':'some_brand'}|48.955621|30.025852|64|36|15:30:07
Account#1|79a35059-b6c1-4d28-9fae-d8a7abd896f5|11a35058-b6a2-4d28-9fae-d8a7abd896f5|2022-10-26|{'29.208.191.133','29.208.191.132'}|[20,20,21,20]|{'type':'whether_sensor','brand':'some_brand'}|48.955621|30.025852|62|36|16:30:07
Account#2|89a35059-b6c1-4d28-9fae-d8a7abd896f6|19a35059-b6c1-4d28-9aae-d8a7abd896f5|2022-10-25|{'29.208.191.134','29.208.191.135'}|[22,24,21,20]|{'type':'whether_sensor','brand':'some_brand'}|48.955624|30.025853|62|36|06:36:07
Account#2|89a35059-b6c1-4d28-9fae-d8a7abd896f6|19a35059-b8c3-4d28-9aae-d8a7abd896f5|2022-10-25|{'29.208.191.134','29.208.191.135'}|[22,25,21,20]|{'type':'whether_sensor','brand':'some_brand'}|48.955624|30.025853|63|36|07:36:07
Account#2|89a35059-b6c1-4d28-9fae-d8a7abd896f6|19a35059-b8c3-4d28-9aae-d8a7abd666f5|2022-10-25|{'29.208.191.134','29.208.191.135'}|[23,25,21,20]|{'type':'whether_sensor','brand':'some_brand'}|48.955624|30.025853|64|36|08:36:07
Account#2|89a35059-b6c1-4d28-9fae-d8a7abd896f6|49a35059-b6c1-4d28-8fae-d8a7abd896f5|2022-10-25|{'29.208.191.134','29.208.191.135'}|[24,26,21,20]|{'type':'whether_sensor','brand':'some_brand'}|48.955624|30.025853|65|36|09:36:07
Account#2|89a35059-b6c1-4d28-9fae-d8a7abd896f6|59a35059-b6c1-4d28-7fae-d8a7abd896f5|2022-10-25|{'29.208.191.134','29.208.191.135'}|[25,26,21,20]|{'type':'whether_sensor','brand':'some_brand'}|48.955624|30.025853|66|36|10:36:07
Account#2|89a35059-b6c1-4d28-9fae-d8a7abd896f6|69a35059-b6c1-4d28-6fae-d8a7abd896f5|2022-10-25|{'29.208.191.134','29.208.191.135'}|[26,24,21,20]|{'type':'whether_sensor','brand':'some_brand'}|48.955624|30.025853|67|36|11:36:07
Account#2|89a35059-b6c1-4d28-9fae-d8a7abd896f6|79a35059-b6c1-4d28-5fae-d8a7abd896f5|2022-10-25|{'29.208.191.134','29.208.191.135'}|[27,24,21,20]|{'type':'whether_sensor','brand':'some_brand'}|48.955624|30.025853|62|36|12:36:07
Account#2|89a35059-b6c1-4d28-9fae-d8a7abd896f6|89a35059-b6c1-4d28-4fae-d8a7abd896f5|2022-10-25|{'29.208.191.134','29.208.191.135'}|[25,24,21,20]|{'type':'whether_sensor','brand':'some_brand'}|48.955624|30.025853|63|36|13:36:07
Account#2|89a35059-b6c1-4d28-9fae-d8a7abd896f6|99a35059-b6c1-4d28-3fae-d8a7abd896f5|2022-10-25|{'29.208.191.134','29.208.191.135'}|[23,26,21,20]|{'type':'whether_sensor','brand':'some_brand'}|48.955624|30.025853|66|36|14:36:07
Account#2|89a35059-b6c1-4d28-9fae-d8a7abd896f6|10a35059-b6c1-4d28-2fae-d8a7abd896f5|2022-10-25|{'29.208.191.134','29.208.191.135'}|[21,20,21,20]|{'type':'whether_sensor','brand':'some_brand'}|48.955624|30.025853|64|36|15:36:07
Account#2|89a35059-b6c1-4d28-9fae-d8a7abd896f6|11a35059-b6c1-4d28-1fae-d8a7abd896f5|2022-10-25|{'29.208.191.134','29.208.191.135'}|[20,20,21,20]|{'type':'whether_sensor','brand':'some_brand'}|48.955624|30.025853|62|36|16:36:07
Account#2|79a35059-b6c1-4d28-9fae-d8a7abd896f6|18a35059-b6c1-4d19-9fae-d8a7abd896f5|2022-10-26|{'29.208.191.133','29.208.191.132'}|[22,24,21,20]|{'type':'whether_sensor','brand':'some_brand'}|48.955621|30.025852|62|36|06:30:07
Account#2|79a35059-b6c1-4d28-9fae-d8a7abd896f6|28a35059-b6c2-4d18-9fae-d8a7abd896f5|2022-10-26|{'29.208.191.133','29.208.191.132'}|[22,25,21,20]|{'type':'whether_sensor','brand':'some_brand'}|48.955621|30.025852|63|36|07:30:07
Account#2|79a35059-b6c1-4d28-9fae-d8a7abd896f6|38a35059-b6c3-4d17-9fae-d8a7abd896f5|2022-10-26|{'29.208.191.133','29.208.191.132'}|[23,25,21,20]|{'type':'whether_sensor','brand':'some_brand'}|48.955621|30.025852|64|36|08:30:07
Account#2|79a35059-b6c1-4d28-9fae-d8a7abd896f6|48a35059-b6c4-4d16-9fae-d8a7abd896f5|2022-10-26|{'29.208.191.133','29.208.191.132'}|[24,26,21,20]|{'type':'whether_sensor','brand':'some_brand'}|48.955621|30.025852|65|36|09:30:07
Account#2|79a35059-b6c1-4d28-9fae-d8a7abd896f6|58a35059-b6c5-4d15-9fae-d8a7abd896f5|2022-10-26|{'29.208.191.133','29.208.191.132'}|[25,26,21,20]|{'type':'whether_sensor','brand':'some_brand'}|48.955621|30.025852|66|36|10:30:07
Account#2|79a35059-b6c1-4d28-9fae-d8a7abd896f6|68a35059-b6c6-4d14-9fae-d8a7abd896f5|2022-10-26|{'29.208.191.133','29.208.191.132'}|[26,24,21,20]|{'type':'whether_sensor','brand':'some_brand'}|48.955621|30.025852|67|36|11:30:07
Account#2|79a35059-b6c1-4d28-9fae-d8a7abd896f6|78a35059-b6c7-4d13-9fae-d8a7abd896f5|2022-10-26|{'29.208.191.133','29.208.191.132'}|[27,24,21,20]|{'type':'whether_sensor','brand':'some_brand'}|48.955621|30.025852|62|36|12:30:07
Account#2|79a35059-b6c1-4d28-9fae-d8a7abd896f6|88a35059-b6c8-4d12-9fae-d8a7abd896f5|2022-10-26|{'29.208.191.133','29.208.191.132'}|[25,24,21,20]|{'type':'whether_sensor','brand':'some_brand'}|48.955621|30.025852|63|36|13:30:07
Account#2|79a35059-b6c1-4d28-9fae-d8a7abd896f6|98a35059-b6c9-4d11-9fae-d8a7abd896f5|2022-10-26|{'29.208.191.133','29.208.191.132'}|[23,26,21,20]|{'type':'whether_sensor','brand':'some_brand'}|48.955621|30.025852|66|36|14:30:07
Account#2|79a35059-b6c1-4d28-9fae-d8a7abd896f6|18a35059-b6a1-4d10-9fae-d8a7abd896f5|2022-10-26|{'29.208.191.133','29.208.191.132'}|[21,20,21,20]|{'type':'whether_sensor','brand':'some_brand'}|48.955621|30.025852|64|36|15:30:07
Account#2|79a35059-b6c1-4d28-9fae-d8a7abd896f6|18a35059-b6a2-4d98-9fae-d8a7abd896f5|2022-10-26|{'29.208.191.133','29.208.191.132'}|[20,20,21,20]|{'type':'whether_sensor','brand':'some_brand'}|48.955621|30.025852|62|36|16:30:07
Account#2|79a35059-b6c1-4d28-9fae-d8a7abd896f6|19a35059-b6c1-4d88-9fae-d8a7abd896f5|2022-10-25|{'29.208.191.133','29.208.191.132'}|[22,24,21,20]|{'type':'whether_sensor','brand':'some_brand'}|48.955621|30.025852|62|36|06:30:07
Account#2|79a35059-b6c1-4d28-9fae-d8a7abd896f6|29a35059-b6c2-4d78-9fae-d8a7abd896f5|2022-10-25|{'29.208.191.133','29.208.191.132'}|[22,25,21,20]|{'type':'whether_sensor','brand':'some_brand'}|48.955621|30.025852|63|36|07:30:07
Account#2|79a35059-b6c1-4d28-9fae-d8a7abd896f6|39a35059-b6c3-4d68-9fae-d8a7abd896f5|2022-10-25|{'29.208.191.133','29.208.191.132'}|[23,25,21,20]|{'type':'whether_sensor','brand':'some_brand'}|48.955621|30.025852|64|36|08:30:07
Account#2|79a35059-b6c1-4d28-9fae-d8a7abd896f6|49a35059-b6c4-4d58-9fae-d8a7abd896f5|2022-10-25|{'29.208.191.133','29.208.191.132'}|[24,26,21,20]|{'type':'whether_sensor','brand':'some_brand'}|48.955621|30.025852|65|36|09:30:07
Account#2|79a35059-b6c1-4d28-9fae-d8a7abd896f6|59a35059-b6c5-4d48-9fae-d8a7abd896f5|2022-10-25|{'29.208.191.133','29.208.191.132'}|[25,26,21,20]|{'type':'whether_sensor','brand':'some_brand'}|48.955621|30.025852|66|36|10:30:07
Account#2|79a35059-b6c1-4d28-9fae-d8a7abd896f6|69a35059-b6c6-4d38-9fae-d8a7abd896f5|2022-10-25|{'29.208.191.133','29.208.191.132'}|[26,24,21,20]|{'type':'whether_sensor','brand':'some_brand'}|48.955621|30.025852|67|36|11:30:07
Account#2|79a35059-b6c1-4d28-9fae-d8a7abd896f6|79a35059-b6c7-4d18-9fae-d8a7abd896f5|2022-10-25|{'29.208.191.133','29.208.191.132'}|[27,24,21,20]|{'type':'whether_sensor','brand':'some_brand'}|48.955621|30.025852|62|36|12:30:07
Account#2|79a35059-b6c1-4d28-9fae-d8a7abd896f6|89a35059-b6c8-4d27-9fae-d8a7abd896f5|2022-10-25|{'29.208.191.133','29.208.191.132'}|[25,24,21,20]|{'type':'whether_sensor','brand':'some_brand'}|48.955621|30.025852|63|36|13:30:07
Account#2|79a35059-b6c1-4d28-9fae-d8a7abd896f6|99a35059-b6c9-4d26-9fae-d8a7abd896f5|2022-10-25|{'29.208.191.133','29.208.191.132'}|[23,26,21,20]|{'type':'whether_sensor','brand':'some_brand'}|48.955621|30.025852|66|36|14:30:07
Account#2|79a35059-b6c1-4d28-9fae-d8a7abd896f6|10a35059-b6a1-4d25-9fae-d8a7abd896f5|2022-10-25|{'29.208.191.133','29.208.191.132'}|[21,20,21,20]|{'type':'whether_sensor','brand':'some_brand'}|48.955621|30.025852|64|36|15:30:07
Account#2|79a35059-b6c1-4d28-9fae-d8a7abd896f6|11a35059-b6a2-4d24-9fae-d8a7abd896f5|2022-10-25|{'29.208.191.133','29.208.191.132'}|[20,20,21,20]|{'type':'whether_sensor','brand':'some_brand'}|48.955621|30.025852|62|36|16:30:07
Account#2|79a35059-b6c1-4d28-9fae-d8a7abd896f6|19a35058-b6c1-4d23-9fae-d8a7abd896f5|2022-10-26|{'29.208.191.133','29.208.191.132'}|[22,24,21,20]|{'type':'whether_sensor','brand':'some_brand'}|48.955621|30.025852|62|36|06:30:07
Account#2|79a35059-b6c1-4d28-9fae-d8a7abd896f6|29a35058-b6c2-4d22-9fae-d8a7abd896f5|2022-10-26|{'29.208.191.133','29.208.191.132'}|[22,25,21,20]|{'type':'whether_sensor','brand':'some_brand'}|48.955621|30.025852|63|36|07:30:07
Account#2|79a35059-b6c1-4d28-9fae-d8a7abd896f6|39a35058-b6c3-4d21-9fae-d8a7abd896f5|2022-10-26|{'29.208.191.133','29.208.191.132'}|[23,25,21,20]|{'type':'whether_sensor','brand':'some_brand'}|48.955621|30.025852|64|36|08:30:07
Account#2|79a35059-b6c1-4d28-9fae-d8a7abd896f6|49a35058-b6c4-9d28-9fae-d8a7abd896f5|2022-10-26|{'29.208.191.133','29.208.191.132'}|[24,26,21,20]|{'type':'whether_sensor','brand':'some_brand'}|48.955621|30.025852|65|36|09:30:07
Account#2|79a35059-b6c1-4d28-9fae-d8a7abd896f6|59a35058-b6c5-8d28-9fae-d8a7abd896f5|2022-10-26|{'29.208.191.133','29.208.191.132'}|[25,26,21,20]|{'type':'whether_sensor','brand':'some_brand'}|48.955621|30.025852|66|36|10:30:07
Account#2|79a35059-b6c1-4d28-9fae-d8a7abd896f6|69a35058-b6c6-7d28-9fae-d8a7abd896f5|2022-10-26|{'29.208.191.133','29.208.191.132'}|[26,24,21,20]|{'type':'whether_sensor','brand':'some_brand'}|48.955621|30.025852|67|36|11:30:07
Account#2|79a35059-b6c1-4d28-9fae-d8a7abd896f6|79a35058-b6c7-6d28-9fae-d8a7abd896f5|2022-10-26|{'29.208.191.133','29.208.191.132'}|[27,24,21,20]|{'type':'whether_sensor','brand':'some_brand'}|48.955621|30.025852|62|36|12:30:07
Account#2|79a35059-b6c1-4d28-9fae-d8a7abd896f6|89a35058-b6c8-5d28-9fae-d8a7abd896f5|2022-10-26|{'29.208.191.133','29.208.191.132'}|[25,24,21,20]|{'type':'whether_sensor','brand':'some_brand'}|48.955621|30.025852|63|36|13:30:07
Account#2|79a35059-b6c1-4d28-9fae-d8a7abd896f6|99a35058-b6c9-3d28-9fae-d8a7abd896f5|2022-10-26|{'29.208.191.133','29.208.191.132'}|[23,26,21,20]|{'type':'whether_sensor','brand':'some_brand'}|48.955621|30.025852|66|36|14:30:07
Account#2|79a35059-b6c1-4d28-9fae-d8a7abd896f6|10a35058-b6a1-2d28-9fae-d8a7abd896f5|2022-10-26|{'29.208.191.133','29.208.191.132'}|[21,20,21,20]|{'type':'whether_sensor','brand':'some_brand'}|48.955621|30.025852|64|36|15:30:07
Account#2|79a35059-b6c1-4d28-9fae-d8a7abd896f6|11a35058-b6a2-1d28-9fae-d8a7abd896f5|2022-10-26|{'29.208.191.133','29.208.191.132'}|[20,20,21,20]|{'type':'whether_sensor','brand':'some_brand'}|48.955621|30.025852|62|36|16:30:07
Account#3|89a69059-b6c1-4d28-9fae-d8a7abd896f6|19a35059-b6a8-1d38-9eae-d1a5abd396a5|2022-10-25|{'29.208.191.134','29.208.191.135'}|[22,24,21,20]|{'type':'whether_sensor','brand':'some_brand'}|48.955624|30.025853|62|36|06:36:07
Account#3|89a69059-b6c1-4d28-9fae-d8a7abd896f6|49a35059-b6c1-4d28-8fae-d1a5abd396a5|2022-10-25|{'29.208.191.134','29.208.191.135'}|[24,26,21,20]|{'type':'whether_sensor','brand':'some_brand'}|48.955624|30.025853|65|36|09:36:07
Account#3|89a69059-b6c1-4d28-9fae-d8a7abd896f6|59a35059-b6c1-4d28-7fae-d1a5abd396a5|2022-10-25|{'29.208.191.134','29.208.191.135'}|[25,26,21,20]|{'type':'whether_sensor','brand':'some_brand'}|48.955624|30.025853|66|36|10:36:07
Account#3|89a69059-b6c1-4d28-9fae-d8a7abd896f6|69a35059-b6c1-4d28-6fae-d1a5abd396a5|2022-10-25|{'29.208.191.134','29.208.191.135'}|[26,24,21,20]|{'type':'whether_sensor','brand':'some_brand'}|48.955624|30.025853|67|36|11:36:07
Account#3|89a69059-b6c1-4d28-9fae-d8a7abd896f6|79a39759-b6c1-4d28-5fae-d1a5abd396a5|2022-10-25|{'29.208.191.134','29.208.191.135'}|[27,24,21,20]|{'type':'whether_sensor','brand':'some_brand'}|48.955624|30.025853|62|36|12:36:07
Account#3|89a69059-b6c1-4d28-9fae-d8a7abd896f6|89a69059-b6c1-4d28-4fae-d1a5abd396a5|2022-10-25|{'29.208.191.134','29.208.191.135'}|[25,24,21,20]|{'type':'whether_sensor','brand':'some_brand'}|48.955624|30.025853|63|36|13:36:07
Account#3|89a69059-b6c1-4d28-9fae-d8a7abd896f6|99a35059-b6c1-4d28-3fae-d1a5abd396a5|2022-10-25|{'29.208.191.134','29.208.191.135'}|[23,26,21,20]|{'type':'whether_sensor','brand':'some_brand'}|48.955624|30.025853|66|36|14:36:07
Account#3|89a69059-b6c1-4d28-9fae-d8a7abd896f6|10a35059-b6c1-4d28-2fae-d1a5abd396a5|2022-10-25|{'29.208.191.134','29.208.191.135'}|[21,20,21,20]|{'type':'whether_sensor','brand':'some_brand'}|48.955624|30.025853|64|36|15:36:07
Account#3|89a69059-b6c1-4d28-9fae-d8a7abd896f6|11a35059-b6c1-4d28-1fae-d1a5abd396a5|2022-10-25|{'29.208.191.134','29.208.191.135'}|[20,20,21,20]|{'type':'whether_sensor','brand':'some_brand'}|48.955624|30.025853|62|36|16:36:07
Account#3|79a39759-b6c1-4d28-9fae-d8a7abd896f6|18a35059-b6c1-4d19-9fae-d1a5abd396a5|2022-10-26|{'29.208.191.133','29.208.191.132'}|[22,24,21,20]|{'type':'whether_sensor','brand':'some_brand'}|48.955621|30.025852|62|36|06:30:07
Account#3|79a39759-b6c1-4d28-9fae-d8a7abd896f6|28a35059-b6c2-4d18-9fae-d1a5abd396a5|2022-10-26|{'29.208.191.133','29.208.191.132'}|[22,25,21,20]|{'type':'whether_sensor','brand':'some_brand'}|48.955621|30.025852|63|36|07:30:07
Account#3|79a39759-b6c1-4d28-9fae-d8a7abd896f6|38a35059-b6c3-4d17-9fae-d1a5abd396a5|2022-10-26|{'29.208.191.133','29.208.191.132'}|[23,25,21,20]|{'type':'whether_sensor','brand':'some_brand'}|48.955621|30.025852|64|36|08:30:07
Account#3|79a39759-b6c1-4d28-9fae-d8a7abd896f6|48a35059-b6c4-4d16-9fae-d1a5abd396a5|2022-10-26|{'29.208.191.133','29.208.191.132'}|[24,26,21,20]|{'type':'whether_sensor','brand':'some_brand'}|48.955621|30.025852|65|36|09:30:07
Account#3|79a39759-b6c1-4d28-9fae-d8a7abd896f6|58a35059-b6c5-4d15-9fae-d1a5abd396a5|2022-10-26|{'29.208.191.133','29.208.191.132'}|[25,26,21,20]|{'type':'whether_sensor','brand':'some_brand'}|48.955621|30.025852|66|36|10:30:07
Account#3|79a39759-b6c1-4d28-9fae-d8a7abd896f6|68a35059-b6c6-4d14-9fae-d1a5abd396a5|2022-10-26|{'29.208.191.133','29.208.191.132'}|[26,24,21,20]|{'type':'whether_sensor','brand':'some_brand'}|48.955621|30.025852|67|36|11:30:07
Account#3|79a39759-b6c1-4d28-9fae-d8a7abd896f6|78a35059-b6c7-4d13-9fae-d1a5abd396a5|2022-10-26|{'29.208.191.133','29.208.191.132'}|[27,24,21,20]|{'type':'whether_sensor','brand':'some_brand'}|48.955621|30.025852|62|36|12:30:07
Account#3|79a39759-b6c1-4d28-9fae-d8a7abd896f6|88a35059-b6c8-4d12-9fae-d1a5abd396a5|2022-10-26|{'29.208.191.133','29.208.191.132'}|[25,24,21,20]|{'type':'whether_sensor','brand':'some_brand'}|48.955621|30.025852|63|36|13:30:07
Account#3|79a39759-b6c1-4d28-9fae-d8a7abd896f6|98a35059-b6c9-4d11-9fae-d1a5abd396a5|2022-10-26|{'29.208.191.133','29.208.191.132'}|[23,26,21,20]|{'type':'whether_sensor','brand':'some_brand'}|48.955621|30.025852|66|36|14:30:07
Account#3|79a39759-b6c1-4d28-9fae-d8a7abd896f6|18a35059-b6a1-4d10-9fae-d1a5abd396a5|2022-10-26|{'29.208.191.133','29.208.191.132'}|[21,20,21,20]|{'type':'whether_sensor','brand':'some_brand'}|48.955621|30.025852|64|36|15:30:07
Account#3|79a39759-b6c1-4d28-9fae-d8a7abd896f6|18a35059-b6a2-4d98-9fae-d1a5abd396a5|2022-10-26|{'29.208.191.133','29.208.191.132'}|[20,20,21,20]|{'type':'whether_sensor','brand':'some_brand'}|48.955621|30.025852|62|36|16:30:07
Account#3|79a39759-b6c1-4d28-9fae-d8a7abd896f6|19a35059-b6c1-4d88-9fae-d1a5abd396a5|2022-10-25|{'29.208.191.133','29.208.191.132'}|[22,24,21,20]|{'type':'whether_sensor','brand':'some_brand'}|48.955621|30.025852|62|36|06:30:07
Account#3|79a39759-b6c1-4d28-9fae-d8a7abd896f6|29a35059-b6c2-4d78-9fae-d1a5abd396a5|2022-10-25|{'29.208.191.133','29.208.191.132'}|[22,25,21,20]|{'type':'whether_sensor','brand':'some_brand'}|48.955621|30.025852|63|36|07:30:07
Account#3|79a39759-b6c1-4d28-9fae-d8a7abd896f6|39a35059-b6c3-4d68-9fae-d1a5abd396a5|2022-10-25|{'29.208.191.133','29.208.191.132'}|[23,25,21,20]|{'type':'whether_sensor','brand':'some_brand'}|48.955621|30.025852|64|36|08:30:07
Account#3|79a39759-b6c1-4d28-9fae-d8a7abd896f6|49a35059-b6c4-4d58-9fae-d1a5abd396a5|2022-10-25|{'29.208.191.133','29.208.191.132'}|[24,26,21,20]|{'type':'whether_sensor','brand':'some_brand'}|48.955621|30.025852|65|36|09:30:07
Account#3|79a39759-b6c1-4d28-9fae-d8a7abd896f6|59a35059-b6c5-4d48-9fae-d1a5abd396a5|2022-10-25|{'29.208.191.133','29.208.191.132'}|[25,26,21,20]|{'type':'whether_sensor','brand':'some_brand'}|48.955621|30.025852|66|36|10:30:07
Account#3|79a39759-b6c1-4d28-9fae-d8a7abd896f6|69a35059-b6c6-4d38-9fae-d1a5abd396a5|2022-10-25|{'29.208.191.133','29.208.191.132'}|[26,24,21,20]|{'type':'whether_sensor','brand':'some_brand'}|48.955621|30.025852|67|36|11:30:07
Account#3|79a39759-b6c1-4d28-9fae-d8a7abd896f6|79a39759-b6c7-4d18-9fae-d1a5abd396a5|2022-10-25|{'29.208.191.133','29.208.191.132'}|[27,24,21,20]|{'type':'whether_sensor','brand':'some_brand'}|48.955621|30.025852|62|36|12:30:07
Account#3|79a39759-b6c1-4d28-9fae-d8a7abd896f6|89a69059-b6c8-4d27-9fae-d1a5abd396a5|2022-10-25|{'29.208.191.133','29.208.191.132'}|[25,24,21,20]|{'type':'whether_sensor','brand':'some_brand'}|48.955621|30.025852|63|36|13:30:07
Account#3|79a39759-b6c1-4d28-9fae-d8a7abd896f6|99a35059-b6c9-4d26-9fae-d1a5abd396a5|2022-10-25|{'29.208.191.133','29.208.191.132'}|[23,26,21,20]|{'type':'whether_sensor','brand':'some_brand'}|48.955621|30.025852|66|36|14:30:07
Account#3|79a39759-b6c1-4d28-9fae-d8a7abd896f6|10a35059-b6a1-4d25-9fae-d1a5abd396a5|2022-10-25|{'29.208.191.133','29.208.191.132'}|[21,20,21,20]|{'type':'whether_sensor','brand':'some_brand'}|48.955621|30.025852|64|36|15:30:07
Account#3|79a39759-b6c1-4d28-9fae-d8a7abd896f6|11a35059-b6a2-4d24-9fae-d1a5abd396a5|2022-10-25|{'29.208.191.133','29.208.191.132'}|[20,20,21,20]|{'type':'whether_sensor','brand':'some_brand'}|48.955621|30.025852|62|36|16:30:07
Account#3|79a39759-b6c1-4d28-9fae-d8a7abd896f6|19a35058-b6c1-4d23-9fae-d1a5abd396a5|2022-10-26|{'29.208.191.133','29.208.191.132'}|[22,24,21,20]|{'type':'whether_sensor','brand':'some_brand'}|48.955621|30.025852|62|36|06:30:07
Account#3|79a39759-b6c1-4d28-9fae-d8a7abd896f6|29a35058-b6c2-4d22-9fae-d1a5abd396a5|2022-10-26|{'29.208.191.133','29.208.191.132'}|[22,25,21,20]|{'type':'whether_sensor','brand':'some_brand'}|48.955621|30.025852|63|36|07:30:07
Account#3|79a39759-b6c1-4d28-9fae-d8a7abd896f6|39a35058-b6c3-4d21-9fae-d1a5abd396a5|2022-10-26|{'29.208.191.133','29.208.191.132'}|[23,25,21,20]|{'type':'whether_sensor','brand':'some_brand'}|48.955621|30.025852|64|36|08:30:07
Account#3|79a39759-b6c1-4d28-9fae-d8a7abd896f6|49a35058-b6c4-9d28-9fae-d1a5abd396a5|2022-10-26|{'29.208.191.133','29.208.191.132'}|[24,26,21,20]|{'type':'whether_sensor','brand':'some_brand'}|48.955621|30.025852|65|36|09:30:07
Account#3|79a39759-b6c1-4d28-9fae-d8a7abd896f6|59a35058-b6c5-8d28-9fae-d1a5abd396a5|2022-10-26|{'29.208.191.133','29.208.191.132'}|[25,26,21,20]|{'type':'whether_sensor','brand':'some_brand'}|48.955621|30.025852|66|36|10:30:07
Account#3|79a39759-b6c1-4d28-9fae-d8a7abd896f6|69a35058-b6c6-7d28-9fae-d1a5abd396a5|2022-10-26|{'29.208.191.133','29.208.191.132'}|[26,24,21,20]|{'type':'whether_sensor','brand':'some_brand'}|48.955621|30.025852|67|36|11:30:07
Account#3|79a39759-b6c1-4d28-9fae-d8a7abd896f6|79a35058-b6c7-6d28-9fae-d1a5abd396a5|2022-10-26|{'29.208.191.133','29.208.191.132'}|[27,24,21,20]|{'type':'whether_sensor','brand':'some_brand'}|48.955621|30.025852|62|36|12:30:07
Account#3|79a39759-b6c1-4d28-9fae-d8a7abd896f6|89a35058-b6c8-5d28-9fae-d1a5abd396a5|2022-10-26|{'29.208.191.133','29.208.191.132'}|[25,24,21,20]|{'type':'whether_sensor','brand':'some_brand'}|48.955621|30.025852|63|36|13:30:07
Account#3|79a39759-b6c1-4d28-9fae-d8a7abd896f6|99a35058-b6c9-3d28-9fae-d1a5abd396a5|2022-10-26|{'29.208.191.133','29.208.191.132'}|[23,26,21,20]|{'type':'whether_sensor','brand':'some_brand'}|48.955621|30.025852|66|36|14:30:07
Account#3|79a39759-b6c1-4d28-9fae-d8a7abd896f6|10a35058-b6a1-2d28-9fae-d1a5abd396a5|2022-10-26|{'29.208.191.133','29.208.191.132'}|[21,20,21,20]|{'type':'whether_sensor','brand':'some_brand'}|48.955621|30.025852|64|36|15:30:07
Account#3|79a39759-b6c1-4d28-9fae-d8a7abd896f6|11a35058-b6a2-1d28-9fae-d1a5abd396a5|2022-10-26|{'29.208.191.133','29.208.191.132'}|[20,20,21,20]|{'type':'whether_sensor','brand':'some_brand'}|48.955621|30.025852|62|36|16:30:07